Sample,Treatment,Time,Stage,area,feret,feret_bin,NewStage
M62,Bleached,T5,I,100.44246,17.57901,1,1
M62,Bleached,T5,I,247.667,21.035,1,1
M15,Bleached,T5,I,262.304,22.394,1,1
M15,Bleached,T5,I,480.724,29.27,2,1
M15,Bleached,T5,I,330.184,29.548,2,1
M48,Bleached,T5,I,522.37857,30.85869,2,1
M62,Bleached,T5,I,438.895,30.906,2,1
M62,Bleached,T5,I,432.76254,31.14585,2,1
M14,Bleached,T5,I,574.484,32.043,2,1
M8,Bleached,T5,I,443.489,34.269,2,1
M62,Bleached,T5,I,656.79019,34.7368,2,1
M14,Bleached,T5,I,764.828,36.543,2,1
M62,Bleached,T5,I,690.642,37.646,2,1
M14,Bleached,T5,I,814.73939,38.13823,2,1
M8,Bleached,T5,I,975.259,38.149,2,1
M62,Bleached,T5,I,702.397,38.759,2,1
M15,Bleached,T5,I,740.618,40.5,2,1
M62,Bleached,T5,I,544.07259,40.69426,2,1
M62,Bleached,T5,I,1067.192,42.314,2,1
M48,Bleached,T5,I,754.98509,42.34374,2,1
M8,Bleached,T5,I,815.16,43.432,2,1
M62,Bleached,T5,I,1042.654,43.669,2,1
M15,Bleached,T5,I,1223.181,44.424,2,1
M24,Bleached,T5,I,832.12245,44.79663,2,1
M62,Bleached,T5,I,1075.28432,44.87222,2,1
M15,Bleached,T5,I,905.743,45.159,2,1
M15,Bleached,T5,I,1117.115,45.888,2,1
M14,Bleached,T5,I,1343.5953,46.43822,2,1
M62,Bleached,T5,I,1282.531,46.72,2,1
M62,Bleached,T5,I,1041.64609,48.12956,2,1
M15,Bleached,T5,I,1286.8751,48.18585,2,1
M15,Bleached,T5,I,792.71324,48.39854,2,1
M62,Bleached,T5,I,1011.60526,48.65606,2,1
M48,Bleached,T5,I,1526.63651,49.23478,2,1
M14,Bleached,T5,I,1688.7,49.504,2,1
M14,Bleached,T5,I,1004.933,49.532,2,1
M62,Bleached,T5,I,1611.659,49.832,2,1
M62,Bleached,T5,I,1469.108,50.107,3,1
M15,Bleached,T5,I,1667.127,50.505,3,1
M48,Bleached,T5,I,1503.30364,51.82317,3,1
M15,Bleached,T5,I,1730.93603,54.1373,3,1
M14,Bleached,T5,I,1867.08732,55.32483,3,1
M14,Bleached,T5,I,1605.353,55.62,3,1
M8,Bleached,T5,I,1937.735,56.16,3,1
M15,Bleached,T5,I,1610.575,56.299,3,1
M14,Bleached,T5,I,2238.79291,57.2719,3,1
M62,Bleached,T5,I,1544.34142,58.09789,3,1
M14,Bleached,T5,I,1855.702,58.547,3,1
M62,Bleached,T5,I,1864.23419,58.62587,3,1
M15,Bleached,T5,I,1861.207,58.724,3,1
M62,Bleached,T5,I,1398.185,59.965,3,1
M14,Bleached,T5,I,2148.466,61.004,3,1
M15,Bleached,T5,I,1538.123,61.133,3,1
M14,Bleached,T5,I,1905.464,61.233,3,1
M62,Bleached,T5,I,1972.659,61.241,3,1
M14,Bleached,T5,I,2291.51873,61.26178,3,1
M14,Bleached,T5,I,1883.029,61.791,3,1
M14,Bleached,T5,I,1333.89466,62.03099,3,1
M15,Bleached,T5,I,1621.283,62.733,3,1
M62,Bleached,T5,I,1250.648,63.844,3,1
M62,Bleached,T5,I,2374.60183,63.94164,3,1
M15,Bleached,T5,I,2117.308,64.053,3,1
M15,Bleached,T5,I,1330.01441,64.47398,3,1
M15,Bleached,T5,I,2079.745,65.867,3,1
M14,Bleached,T5,I,2739.375,66.796,3,1
M14,Bleached,T5,I,2281.13334,68.8001,3,1
M14,Bleached,T5,I,2370.94983,70.46934,3,1
M62,Bleached,T5,I,3149.28329,70.475,3,1
M62,Bleached,T5,I,2719.425,71.567,3,1
M14,Bleached,T5,I,2330.14,71.901,3,1
M62,Bleached,T5,I,2715.3795,73.74322,3,1
M15,Bleached,T5,I,2661.05594,74.20836,3,1
M15,Bleached,T5,I,3127.94189,75.24004,4,1
M15,Bleached,T5,I,3110.217,75.877,4,1
M15,Bleached,T5,I,3805.04636,76.20761,4,1
M12,Bleached,T5,I,3164.46194,76.42445,4,1
M15,Bleached,T5,I,2776.395,76.508,4,1
M15,Bleached,T5,I,3907.07424,77.35582,4,1
M15,Bleached,T5,I,2479.36871,77.41997,4,1
M62,Bleached,T5,I,3292.7386,78.23091,4,1
M14,Bleached,T5,I,4321.326,78.54,4,1
M62,Bleached,T5,I,3045.77179,78.90707,4,1
M14,Bleached,T5,I,3698.1111,79.33115,4,1
M62,Bleached,T5,I,2223.38602,80.68553,4,1
M14,Bleached,T5,I,1959.18631,81.55287,4,1
M14,Bleached,T5,I,3241.49641,82.21906,4,1
M62,Bleached,T5,I,2863.62806,82.86269,4,1
M14,Bleached,T5,I,2793.21285,83.24606,4,1
M8,Bleached,T5,I,4785.302,83.311,4,1
M14,Bleached,T5,I,3747.07079,83.4364,4,1
M62,Bleached,T5,I,3132.0504,84.28018,4,1
M15,Bleached,T5,I,4579.6137,84.59645,4,1
M15,Bleached,T5,I,3815.43175,84.70161,4,1
M15,Bleached,T5,I,4018.91688,84.76424,4,1
M62,Bleached,T5,I,2866.25294,84.98812,4,1
M62,Bleached,T5,I,3824.10526,85.81797,4,1
M14,Bleached,T5,I,3085.60146,85.94355,4,1
M15,Bleached,T5,I,2495.68861,86.26166,4,1
M15,Bleached,T5,I,3814.06225,87.51666,4,1
M62,Bleached,T5,I,2898.77861,88.02766,4,1
M62,Bleached,T5,I,2717.54788,88.58017,4,1
M62,Bleached,T5,I,3542.44441,90.12816,4,1
M15,Bleached,T5,I,2350.8638,94.13723,4,1
M48,Bleached,T5,I,3853.97943,95.38148,4,1
M62,Bleached,T5,I,3769.66757,101.64633,5,1
M8,Bleached,T5,I,5177.888,106.975,5,1
M15,Bleached,T5,I,6895.09871,110.03321,5,1
M62,Bleached,T5,I,5255.57692,119.85951,5,1
M62,Bleached,T5,I,8984.61593,154.87311,7,1
M14,Bleached,T5,II,863.295,46.614,2,2
M15,Bleached,T5,II,718.633,47.144,2,2
M62,Bleached,T5,II,967.412,51.141,3,2
M62,Bleached,T5,II,1434.212,53.902,3,2
M15,Bleached,T5,II,1553.167,61.558,3,2
M15,Bleached,T5,II,2145.826,66.599,3,2
M62,Bleached,T5,II,2694.659,69.453,3,2
M14,Bleached,T5,II,3324.639,73.686,3,2
M15,Bleached,T5,II,3279.043,74.202,3,2
M62,Bleached,T5,II,3530.476,82.621,4,2
M62,Bleached,T5,II,2269.602,83.664,4,2
M62,Bleached,T5,II,2255.307,83.855,4,2
M62,Bleached,T5,II,3133.568,87.295,4,2
M15,Bleached,T5,II,2871.535,90.126,4,2
M62,Bleached,T5,II,2682.789,93.546,4,2
M14,Bleached,T5,II,5189.538,95.566,4,2
M62,Bleached,T5,II,4813.45612,97.60545,4,2
M15,Bleached,T5,II,5523.052,101.731,5,2
M62,Bleached,T5,II,3524.75501,102.83402,5,2
M15,Bleached,T5,II,7086.60069,103.32891,5,2
M14,Bleached,T5,II,3767.15681,103.67239,5,2
M62,Bleached,T5,II,6210.803,107.171,5,2
M62,Bleached,T5,II,4191.9,109.2,5,2
M62,Bleached,T5,II,4915.59812,109.48838,5,2
M62,Bleached,T5,II,4637.47515,110.5573,5,2
M62,Bleached,T5,II,6130.57438,113.61393,5,2
M62,Bleached,T5,II,3546.43879,113.74193,5,2
M62,Bleached,T5,II,6101.577,114.369,5,2
M15,Bleached,T5,II,8482.802,114.916,5,2
M14,Bleached,T5,II,8399.8387,115.06123,5,2
M14,Bleached,T5,II,7241.92501,115.93079,5,2
M62,Bleached,T5,II,9335.09424,117.55357,5,2
M62,Bleached,T5,II,6204.41335,123.03664,5,2
M62,Bleached,T5,II,5615.86999,123.37567,5,2
M62,Bleached,T5,II,8329.65174,123.64778,5,2
M15,Bleached,T5,II,7280.899,124.88,5,2
M62,Bleached,T5,II,5921.72537,125.59245,6,2
M62,Bleached,T5,II,9439.066,125.893,6,2
M62,Bleached,T5,II,10928.731,127.408,6,2
M14,Bleached,T5,II,4617.84562,127.69797,6,2
M15,Bleached,T5,II,8825.52548,129.62061,6,2
M62,Bleached,T5,II,5950.0284,131.944,6,2
M62,Bleached,T5,II,10369.29628,133.84701,6,2
M24,Bleached,T5,II,11073.229,134.696,6,2
M15,Bleached,T5,II,10183.879,136.568,6,2
M15,Bleached,T5,II,12285.401,137.356,6,2
M62,Bleached,T5,II,7227.88762,138.80461,6,2
M14,Bleached,T5,II,12468.7,139.614,6,2
M15,Bleached,T5,II,13618.927,141.692,6,2
M7,Bleached,T5,II,11119.89734,147.94074,6,2
M15,Bleached,T5,II,14660.05924,150.31921,7,2
M62,Bleached,T5,II,8533.82162,150.43153,7,2
M24,Bleached,T5,II,11083.83379,152.1518,7,2
M62,Bleached,T5,II,6257.02504,153.00114,7,2
M15,Bleached,T5,II,14810.446,153.569,7,2
M15,Bleached,T5,II,12148.764,157.418,7,2
M62,Bleached,T5,II,13925.944,157.452,7,2
M15,Bleached,T5,II,11543.07336,157.79678,7,2
M14,Bleached,T5,II,18146.121,161.352,7,2
M24,Bleached,T5,II,13079.08365,161.67064,7,2
M24,Bleached,T5,II,11691.43605,162.33144,7,2
M7,Bleached,T5,II,14087.15103,166.10267,7,2
M62,Bleached,T5,II,16292.947,167.306,7,2
M62,Bleached,T5,II,14310.15156,168.18519,7,2
M15,Bleached,T5,II,19666.84335,170.65436,7,2
M62,Bleached,T5,II,16248.327,171.347,7,2
M24,Bleached,T5,II,16606.586,171.609,7,2
M62,Bleached,T5,II,12694.8243,172.72429,7,2
M14,Bleached,T5,II,14596.28,172.846,7,2
M62,Bleached,T5,II,16879.188,173.707,7,2
M15,Bleached,T5,II,16909.043,175.101,8,2
M15,Bleached,T5,II,11114.98996,176.29533,8,2
M62,Bleached,T5,II,15397.30766,176.91666,8,2
M24,Bleached,T5,II,15555.71336,177.61455,8,2
M62,Bleached,T5,II,11836.319,178.911,8,2
M15,Bleached,T5,II,21905.121,179.209,8,2
M62,Bleached,T5,II,21275.20898,180.12458,8,2
M62,Bleached,T5,II,14726.82245,180.79368,8,2
M24,Bleached,T5,II,17813.10867,181.40244,8,2
M62,Bleached,T5,II,19818.754,182.08,8,2
M24,Bleached,T5,II,15733.29208,183.65954,8,2
M62,Bleached,T5,II,20580.98574,184.82963,8,2
M62,Bleached,T5,II,17944.302,185.356,8,2
M14,Bleached,T5,II,15727.984,187.323,8,2
M7,Bleached,T5,II,17584.051,187.329,8,2
M15,Bleached,T5,II,20017.207,188.278,8,2
M14,Bleached,T5,II,18658.539,189.546,8,2
M62,Bleached,T5,II,21746.77406,194.25328,8,2
M62,Bleached,T5,II,12885.29916,195.47293,8,2
M15,Bleached,T5,II,21980.95885,195.54269,8,2
M62,Bleached,T5,II,15135.134,196.403,8,2
M62,Bleached,T5,II,17387.65014,198.74283,8,2
M14,Bleached,T5,II,24925.72989,200.44247,9,2
M62,Bleached,T5,II,19036.07369,204.94679,9,2
M62,Bleached,T5,II,19449.6632,205.5437,9,2
M15,Bleached,T5,II,24385.899,206.976,9,2
M15,Bleached,T5,II,26032.911,209.046,9,2
M7,Bleached,T5,II,23342.0153,209.68975,9,2
M62,Bleached,T5,II,8879.39255,210.182,9,2
M7,Bleached,T5,II,23857.522,210.611,9,2
M62,Bleached,T5,II,10474.86204,210.7871,9,2
M15,Bleached,T5,II,27262.67043,211.27922,9,2
M29,Bleached,T5,II,28803.669,211.503,9,2
M15,Bleached,T5,II,16949.52372,211.53537,9,2
M24,Bleached,T5,II,24152.18968,212.04809,9,2
M24,Bleached,T5,II,21334.89643,213.08108,9,2
M7,Bleached,T5,II,22456.63245,215.70117,9,2
M14,Bleached,T5,II,27016.51,216.997,9,2
M62,Bleached,T5,II,26832.696,217.203,9,2
M14,Bleached,T5,II,21526.166,217.802,9,2
M24,Bleached,T5,II,20238.568,217.909,9,2
M24,Bleached,T5,II,31251.544,218.6,9,2
M62,Bleached,T5,II,12913.03157,219.14868,9,2
M15,Bleached,T5,II,31887.02118,219.42035,9,2
M24,Bleached,T5,II,23339.50454,219.78932,9,2
M15,Bleached,T5,II,20592.74063,219.99692,9,2
M24,Bleached,T5,II,25637.5284,220.51947,9,2
M15,Bleached,T5,II,26284.73208,222.23025,9,2
M14,Bleached,T5,II,31073.274,222.505,9,2
M7,Bleached,T5,II,20044.02694,222.839,9,2
M7,Bleached,T5,II,20394.84763,223.11641,9,2
M15,Bleached,T5,II,22734.64129,224.52067,9,2
M7,Bleached,T5,II,23282.14,226.189,10,2
M62,Bleached,T5,II,18201.271,227.152,10,2
M7,Bleached,T5,II,20332.8,227.354,10,2
M15,Bleached,T5,II,32582.981,228.032,10,2
M62,Bleached,T5,II,22082.75848,228.18113,10,2
M14,Bleached,T5,II,24132.90253,229.16531,10,2
M24,Bleached,T5,II,24758.76481,229.22406,10,2
M7,Bleached,T5,II,25480.03571,231.43197,10,2
M24,Bleached,T5,II,20755.71133,231.80152,10,2
M14,Bleached,T5,II,26264.07543,232.42153,10,2
M24,Bleached,T5,II,26242.39166,234.49764,10,2
M7,Bleached,T5,II,32818.28234,234.53852,10,2
M62,Bleached,T5,II,28717.99424,235.29056,10,2
M24,Bleached,T5,II,26137.39653,236.32724,10,2
M7,Bleached,T5,II,36005.56931,237.36346,10,2
M7,Bleached,T5,II,30197.35,237.854,10,2
M7,Bleached,T5,II,35909.81831,239.09096,10,2
M7,Bleached,T5,II,19654.172,239.12,10,2
M62,Bleached,T5,II,17371.21612,239.35596,10,2
M7,Bleached,T5,II,17190.89839,239.59234,10,2
M24,Bleached,T5,II,21347.79257,239.92649,10,2
M62,Bleached,T5,II,25983.732,240.075,10,2
M7,Bleached,T5,II,26588.41909,240.44821,10,2
M7,Bleached,T5,II,37069.67213,240.8352,10,2
M29,Bleached,T5,II,32094.573,241.001,10,2
M24,Bleached,T5,II,28495.79259,241.01994,10,2
M24,Bleached,T5,II,34060.127,241.502,10,2
M7,Bleached,T5,II,24406.23225,243.29553,10,2
M62,Bleached,T5,II,23997.66424,244.5317,10,2
M24,Bleached,T5,II,32588.391,246.609,10,2
M7,Bleached,T5,II,35782.34053,247.36663,10,2
M62,Bleached,T5,II,20098.413,248.457,10,2
M7,Bleached,T5,II,31273.48442,249.03849,10,2
M24,Bleached,T5,II,32143.23213,250.1952,11,2
M29,Bleached,T5,II,25611.363,252.116,11,2
M15,Bleached,T5,II,42381.117,252.297,11,2
M62,Bleached,T5,II,27544.33128,253.87837,11,2
M14,Bleached,T5,II,27771.66856,253.99343,11,2
M14,Bleached,T5,II,23597.656,254.646,11,2
M29,Bleached,T5,II,44471.236,254.757,11,2
M14,Bleached,T5,II,32246.308,257.832,11,2
M7,Bleached,T5,II,34975.49,257.903,11,2
M29,Bleached,T5,II,31458.955,258.308,11,2
M15,Bleached,T5,II,30329.44124,258.74153,11,2
M24,Bleached,T5,II,27489.09471,260.2509,11,2
M62,Bleached,T5,II,27765.73405,260.60849,11,2
M62,Bleached,T5,II,25794.615,260.64,11,2
M62,Bleached,T5,II,25794.1081,262.42043,11,2
M62,Bleached,T5,II,19467.986,264.001,11,2
M15,Bleached,T5,II,20676.403,266.306,11,2
M15,Bleached,T5,II,26421.567,266.528,11,2
M7,Bleached,T5,II,31238.828,266.556,11,2
M7,Bleached,T5,II,24961.90756,268.58527,11,2
M62,Bleached,T5,II,35198.0198,268.8316,11,2
M24,Bleached,T5,II,31186.74931,270.7428,11,2
M7,Bleached,T5,II,48950.828,270.934,11,2
M7,Bleached,T5,II,22338.62705,271.59463,11,2
M7,Bleached,T5,II,37886.675,274.222,11,2
M24,Bleached,T5,II,32140.8355,274.80534,11,2
M29,Bleached,T5,II,37878.879,275.21,12,2
M62,Bleached,T5,II,18947.51258,275.29993,12,2
M29,Bleached,T5,II,40528.204,276.039,12,2
M62,Bleached,T5,II,22231.12117,276.15754,12,2
M29,Bleached,T5,II,40533.154,277.075,12,2
M24,Bleached,T5,II,29774.981,277.375,12,2
M62,Bleached,T5,II,25864.051,277.467,12,2
M62,Bleached,T5,II,23004.758,279.93,12,2
M24,Bleached,T5,II,29585.80182,281.41784,12,2
M62,Bleached,T5,II,21079.82673,281.60514,12,2
M7,Bleached,T5,II,32577.25004,283.66366,12,2
M7,Bleached,T5,II,34925.03246,284.08418,12,2
M7,Bleached,T5,II,31711.15434,284.76791,12,2
M62,Bleached,T5,II,37023.089,286.477,12,2
M15,Bleached,T5,II,21452.10295,287.57089,12,2
M15,Bleached,T5,II,34679.236,289.201,12,2
M7,Bleached,T5,II,24897.557,291.155,12,2
M29,Bleached,T5,II,39274.395,291.923,12,2
M7,Bleached,T5,II,33519.92371,291.96136,12,2
M14,Bleached,T5,II,40904.874,294.304,12,2
M29,Bleached,T5,II,52558.166,296.088,12,2
M29,Bleached,T5,II,42152.808,296.968,12,2
M62,Bleached,T5,II,21718.01453,298.41939,12,2
M7,Bleached,T5,II,28254.98854,299.61706,12,2
M24,Bleached,T5,II,48351.62717,301.35503,13,2
M7,Bleached,T5,II,45374.747,302.828,13,2
M29,Bleached,T5,II,52211.924,305.713,13,2
M7,Bleached,T5,II,47439.53904,305.95529,13,2
M29,Bleached,T5,II,53294.217,308.099,13,2
M62,Bleached,T5,II,27409.66361,309.70422,13,2
M24,Bleached,T5,II,29758.81553,311.5354,13,2
M7,Bleached,T5,II,40731.03494,311.79099,13,2
M29,Bleached,T5,II,52556.331,312.133,13,2
M7,Bleached,T5,II,41531.05218,314.25998,13,2
M62,Bleached,T5,II,15802.68017,316.79475,13,2
M29,Bleached,T5,II,62586.803,320.301,13,2
M29,Bleached,T5,II,58517.197,321.666,13,2
M7,Bleached,T5,II,33234.15436,324.76691,13,2
M7,Bleached,T5,II,41244.82633,336.22107,14,2
M7,Bleached,T5,II,56550.726,340.978,14,2
M7,Bleached,T5,II,47722.11289,341.76383,14,2
M29,Bleached,T5,II,58824,341.827,14,2
M7,Bleached,T5,II,36420.52832,346.57134,14,2
M24,Bleached,T5,II,42070.63585,350.81308,15,2
M29,Bleached,T5,II,78599.694,357.135,15,2
M7,Bleached,T5,II,40268.82811,359.48551,15,2
M24,Bleached,T5,II,153467.274,496.65708,20,2
M15,Bleached,T5,III,3211.249,73.913,3,3
M15,Bleached,T5,III,3936.387,97.215,4,3
M15,Bleached,T5,III,5726.578,107.313,5,3
M24,Bleached,T5,III,22336.66,209.893,9,3
M24,Bleached,T5,III,15458.53,234.867,10,3
M7,Bleached,T5,III,15425.26832,250.43138,11,3
M29,Bleached,T5,III,49285.146,274.266,11,3
M24,Bleached,T5,III,27077.506,278.76,12,3
M7,Bleached,T5,III,39680.62713,292.58866,12,3
M7,Bleached,T5,III,28138.01027,306.81425,13,3
M29,Bleached,T5,III,37572.994,308.26,13,3
M62,Bleached,T5,III,32253.248,308.715,13,3
M14,Bleached,T5,III,25841.84,309.168,13,3
M29,Bleached,T5,III,32140.433,312.401,13,3
M29,Bleached,T5,III,54243.975,312.536,13,3
M62,Bleached,T5,III,45410.904,316.121,13,3
M24,Bleached,T5,III,40901.42377,319.52966,13,3
M29,Bleached,T5,III,40245.707,321.252,13,3
M29,Bleached,T5,III,64099.72,322.091,13,3
M7,Bleached,T5,III,32058.20889,323.3667,13,3
M29,Bleached,T5,III,49559.847,326.602,14,3
M62,Bleached,T5,III,29669.79792,327.17077,14,3
M29,Bleached,T5,III,62645.962,327.438,14,3
M29,Bleached,T5,III,52616.408,327.718,14,3
M29,Bleached,T5,III,51354.803,331.053,14,3
M62,Bleached,T5,III,41631.48231,341.22645,14,3
M29,Bleached,T5,III,60829.911,345.768,14,3
M29,Bleached,T5,III,62477.197,349.284,14,3
M29,Bleached,T5,III,60317.656,350.484,15,3
M29,Bleached,T5,III,60544.662,351.646,15,3
M29,Bleached,T5,III,66748.586,353.416,15,3
M7,Bleached,T5,III,25885.86471,354.57696,15,3
M29,Bleached,T5,III,64805.045,356.674,15,3
M7,Bleached,T5,III,32952.26526,360.39169,15,3
M29,Bleached,T5,III,62772.076,361.442,15,3
M29,Bleached,T5,III,72683.312,366.733,15,3
M29,Bleached,T5,III,73449.172,367.417,15,3
M7,Bleached,T5,III,34640.255,367.763,15,3
M7,Bleached,T5,III,60528.32332,368.99613,15,3
M7,Bleached,T5,III,29316.00998,369.79631,15,3
M7,Bleached,T5,III,47102.675,370.593,15,3
M29,Bleached,T5,III,80752.815,375.411,16,3
M29,Bleached,T5,III,63486.115,376.183,16,3
M29,Bleached,T5,III,69298.854,378.686,16,3
M62,Bleached,T5,III,23549.03831,379.34265,16,3
M7,Bleached,T5,III,54471.898,382.507,16,3
M7,Bleached,T5,III,43018.395,385.052,16,3
M29,Bleached,T5,III,63496.204,385.802,16,3
M29,Bleached,T5,III,74560.357,389.033,16,3
M7,Bleached,T5,III,60288.66053,389.907,16,3
M7,Bleached,T5,III,40500.229,390.894,16,3
M29,Bleached,T5,III,61405.911,396.701,16,3
M29,Bleached,T5,III,95490.344,397.906,16,3
M29,Bleached,T5,III,83615.389,398.195,16,3
M29,Bleached,T5,III,74747.924,399.306,16,3
M29,Bleached,T5,III,87391.949,400.961,17,3
M29,Bleached,T5,III,76967.541,401.805,17,3
M29,Bleached,T5,III,63761.274,402.31,17,3
M29,Bleached,T5,III,76385.58,402.338,17,3
M7,Bleached,T5,III,39331.72,405.019,17,3
M29,Bleached,T5,III,64123.108,405.608,17,3
M24,Bleached,T5,III,48373.452,405.762,17,3
M7,Bleached,T5,III,61767.26587,405.7947,17,3
M29,Bleached,T5,III,91032.764,407.699,17,3
M29,Bleached,T5,III,73081.834,410.07,17,3
M24,Bleached,T5,III,43258.242,412.344,17,3
M29,Bleached,T5,III,69230.981,414.984,17,3
M29,Bleached,T5,III,91534.013,415.218,17,3
M29,Bleached,T5,III,51320.866,415.755,17,3
M29,Bleached,T5,III,68999.389,415.785,17,3
M7,Bleached,T5,III,61400.23941,418.07289,17,3
M29,Bleached,T5,III,57416.102,432.459,18,3
M29,Bleached,T5,III,87417.631,434.762,18,3
M29,Bleached,T5,III,76378.701,444.218,18,3
M29,Bleached,T5,III,96480,445.869,18,3
M29,Bleached,T5,III,80573.503,446.641,18,3
M29,Bleached,T5,III,94689.172,448.848,18,3
M29,Bleached,T5,III,63538.854,449.328,18,3
M29,Bleached,T5,III,60250.242,451.273,19,3
M29,Bleached,T5,III,70576.51,457.647,19,3
M29,Bleached,T5,III,75050.599,458.765,19,3
M29,Bleached,T5,III,54797.503,463.993,19,3
M29,Bleached,T5,III,59389.452,466.924,19,3
M29,Bleached,T5,III,102191.847,467.562,19,3
M29,Bleached,T5,III,77087.236,480.025,20,3
M29,Bleached,T5,III,83335.643,480.527,20,3
M29,Bleached,T5,III,88720.51,483.763,20,3
M29,Bleached,T5,III,92459.465,485.277,20,3
M29,Bleached,T5,III,83381.503,491.849,20,3
M29,Bleached,T5,III,63180.688,493.659,20,3
M7,Bleached,T5,III,72177.30482,518.7166,21,3
M29,Bleached,T5,III,60983.541,522.365,21,3
M29,Bleached,T5,III,104017.07,528.266,22,3
M29,Bleached,T5,III,107427.21,567.688,23,3
M29,Bleached,T5,IV,105820.28,466.747,19,4
M29,Bleached,T5,IV,81815.847,497.131,20,4
M29,Bleached,T5,IV,58006.318,517.034,21,4
M29,Bleached,T5,IV,52359.134,563.159,23,4
M29,Bleached,T5,IV,106447.185,564.843,23,4
M29,Bleached,T5,IV,75353.732,604.556,25,4
M29,Bleached,T5,IV,100379.006,622.795,25,4
M29,Bleached,T5,IV,128292.535,669.496,27,4
M15,Non-Bleached,T5,I,56.124,11.104,1,1
M62,Non-Bleached,T5,I,72.588,12.303,1,1
M48,Non-Bleached,T5,I,104.19625,14.92556,1,1
M14,Non-Bleached,T5,I,167.888,16.281,1,1
M15,Non-Bleached,T5,I,147.43,16.637,1,1
M14,Non-Bleached,T5,I,174.879,17.083,1,1
M14,Non-Bleached,T5,I,246.953,21.74,1,1
M14,Non-Bleached,T5,I,247.296,22.669,1,1
M62,Non-Bleached,T5,I,139.127,24.091,1,1
M14,Non-Bleached,T5,I,373.954,24.202,1,1
M48,Non-Bleached,T5,I,286.56823,26.62603,2,1
M48,Non-Bleached,T5,I,473.84759,28.6215,2,1
M14,Non-Bleached,T5,I,565.09995,30.04874,2,1
M48,Non-Bleached,T5,I,594.058,30.981,2,1
M62,Non-Bleached,T5,I,422.974,31.164,2,1
M15,Non-Bleached,T5,I,460.209,31.537,2,1
M8,Non-Bleached,T5,I,665.26464,32.31239,2,1
M15,Non-Bleached,T5,I,628.326,32.833,2,1
M62,Non-Bleached,T5,I,415.755,33.599,2,1
M62,Non-Bleached,T5,I,724.967,34.251,2,1
M48,Non-Bleached,T5,I,694.45149,34.78276,2,1
M15,Non-Bleached,T5,I,810.26177,35.03495,2,1
M62,Non-Bleached,T5,I,667.73,38.916,2,1
M62,Non-Bleached,T5,I,860.699,41.113,2,1
M62,Non-Bleached,T5,I,925.925,41.685,2,1
M62,Non-Bleached,T5,I,1140.493,41.808,2,1
M15,Non-Bleached,T5,I,956.71107,42.99268,2,1
M62,Non-Bleached,T5,I,1063.683,43.813,2,1
M8,Non-Bleached,T5,I,602.674,44.875,2,1
M48,Non-Bleached,T5,I,661.01282,45.1068,2,1
M12,Non-Bleached,T5,I,1152.163,46.995,2,1
M15,Non-Bleached,T5,I,1725.22977,50.62517,3,1
M8,Non-Bleached,T5,I,992.88874,51.84582,3,1
M48,Non-Bleached,T5,I,1176.28784,52.47486,3,1
M8,Non-Bleached,T5,I,1212.46551,52.93608,3,1
M48,Non-Bleached,T5,I,1871.31,53.143,3,1
M15,Non-Bleached,T5,I,1378.97,54.965,3,1
M62,Non-Bleached,T5,I,1644.9,56.905,3,1
M14,Non-Bleached,T5,I,1624.22902,58.94523,3,1
M62,Non-Bleached,T5,I,2115.245,60.432,3,1
M8,Non-Bleached,T5,I,1608.82213,61.70726,3,1
M62,Non-Bleached,T5,I,2323.473,62.51,3,1
M62,Non-Bleached,T5,I,2351.15,66.504,3,1
M15,Non-Bleached,T5,I,2584.02147,66.81236,3,1
M62,Non-Bleached,T5,I,1742.398,67.102,3,1
M15,Non-Bleached,T5,I,3463.35568,72.53392,3,1
M48,Non-Bleached,T5,I,2656.71918,72.97392,3,1
M62,Non-Bleached,T5,I,3668.676,78.875,4,1
M15,Non-Bleached,T5,I,3103.06261,79.54664,4,1
M15,Non-Bleached,T5,II,282.734,30.884,2,2
M48,Non-Bleached,T5,II,910.318,40.312,2,2
M62,Non-Bleached,T5,II,634.46,43.573,2,2
M62,Non-Bleached,T5,II,635.231,45.941,2,2
M48,Non-Bleached,T5,II,903.812,47.109,2,2
M62,Non-Bleached,T5,II,1109.935,50.95,3,2
M14,Non-Bleached,T5,II,1103.686,52.098,3,2
M62,Non-Bleached,T5,II,1827.169,53.564,3,2
M48,Non-Bleached,T5,II,1329.068,55.459,3,2
M48,Non-Bleached,T5,II,751.874,56.802,3,2
M48,Non-Bleached,T5,II,1335.831,58.749,3,2
M15,Non-Bleached,T5,II,1194.535,61.777,3,2
M15,Non-Bleached,T5,II,1040.4,63.649,3,2
M62,Non-Bleached,T5,II,1913.539,64.812,3,2
M48,Non-Bleached,T5,II,2778.974,66.66,3,2
M62,Non-Bleached,T5,II,2144.456,69.167,3,2
M15,Non-Bleached,T5,II,3045.957,71.771,3,2
M62,Non-Bleached,T5,II,3325.752,79.311,4,2
M15,Non-Bleached,T5,II,2981.797,79.813,4,2
M62,Non-Bleached,T5,II,3451.497,84.218,4,2
M62,Non-Bleached,T5,II,3093.893,91.067,4,2
M15,Non-Bleached,T5,II,5500.897,105.372,5,2
M62,Non-Bleached,T5,II,7015.357,124.727,5,2
M62,Non-Bleached,T5,II,7318.462,126.373,6,2
M62,Non-Bleached,T5,II,5347.823,130.22,6,2
M12,Non-Bleached,T5,II,9417.15022,132.03004,6,2
M62,Non-Bleached,T5,II,7404.994,135.69,6,2
M62,Non-Bleached,T5,II,11171.153,137.286,6,2
M15,Non-Bleached,T5,II,10807.574,144.889,6,2
M12,Non-Bleached,T5,II,10859.92026,149.1286,6,2
M15,Non-Bleached,T5,II,8583.58018,149.92237,6,2
M12,Non-Bleached,T5,II,12896.59755,152.0734,7,2
M62,Non-Bleached,T5,II,13870.902,154.577,7,2
M15,Non-Bleached,T5,II,12032.71,155.42,7,2
M15,Non-Bleached,T5,II,12360.153,158.346,7,2
M12,Non-Bleached,T5,II,13640.23697,159.39858,7,2
M62,Non-Bleached,T5,II,14921.427,160.612,7,2
M62,Non-Bleached,T5,II,10802.802,162.872,7,2
M62,Non-Bleached,T5,II,10056.806,163.886,7,2
M62,Non-Bleached,T5,II,17037.401,164.909,7,2
M15,Non-Bleached,T5,II,14809.539,165.939,7,2
M12,Non-Bleached,T5,II,11618.85246,166.62231,7,2
M15,Non-Bleached,T5,II,19962.166,177.107,8,2
M15,Non-Bleached,T5,II,15555.71336,177.61455,8,2
M62,Non-Bleached,T5,II,15337.048,178.66,8,2
M15,Non-Bleached,T5,II,18382.82138,181.56971,8,2
M15,Non-Bleached,T5,II,16026.191,181.713,8,2
M15,Non-Bleached,T5,II,13569.205,188.291,8,2
M12,Non-Bleached,T5,II,17210.98442,188.42957,8,2
M15,Non-Bleached,T5,II,14482.004,189.283,8,2
M15,Non-Bleached,T5,II,14635.187,192.945,8,2
M29,Non-Bleached,T5,II,20822.312,192.982,8,2
M12,Non-Bleached,T5,II,13673.78977,193.26641,8,2
M62,Non-Bleached,T5,II,18593.885,194.631,8,2
M62,Non-Bleached,T5,II,27442.93,195.151,8,2
M62,Non-Bleached,T5,II,8804.637,195.349,8,2
M12,Non-Bleached,T5,II,17821.78218,196.91525,8,2
M62,Non-Bleached,T5,II,14035.414,198.618,8,2
M24,Non-Bleached,T5,II,17114.6628,205.58035,9,2
M15,Non-Bleached,T5,II,18489.615,206.163,9,2
M12,Non-Bleached,T5,II,26325.47476,206.88191,9,2
M15,Non-Bleached,T5,II,21967.979,209.002,9,2
M12,Non-Bleached,T5,II,18485.0775,209.39647,9,2
M15,Non-Bleached,T5,II,24662.409,210.249,9,2
M12,Non-Bleached,T5,II,25810.139,210.317,9,2
M24,Non-Bleached,T5,II,26903.40448,211.65915,9,2
M62,Non-Bleached,T5,II,25446.127,212.572,9,2
M24,Non-Bleached,T5,II,27119.32925,213.66942,9,2
M15,Non-Bleached,T5,II,20528.431,213.706,9,2
M24,Non-Bleached,T5,II,26645.93816,214.8997,9,2
M48,Non-Bleached,T5,II,27187.698,214.998,9,2
M24,Non-Bleached,T5,II,22972.93459,215.36335,9,2
M15,Non-Bleached,T5,II,26264.693,215.865,9,2
M62,Non-Bleached,T5,II,19433.246,217.161,9,2
M12,Non-Bleached,T5,II,19987.42087,217.42887,9,2
M15,Non-Bleached,T5,II,25417.792,222.184,9,2
M48,Non-Bleached,T5,II,25176.13,224.651,9,2
M12,Non-Bleached,T5,II,26616.221,225.487,10,2
M62,Non-Bleached,T5,II,19746.668,226.706,10,2
M24,Non-Bleached,T5,II,30753.53027,227.34334,10,2
M15,Non-Bleached,T5,II,28350.192,228.586,10,2
M15,Non-Bleached,T5,II,11784.153,228.77,10,2
M29,Non-Bleached,T5,II,37138.242,229.857,10,2
M12,Non-Bleached,T5,II,22035.28242,230.61291,10,2
M12,Non-Bleached,T5,II,27978.58,231.117,10,2
M15,Non-Bleached,T5,II,25255.89393,231.5976,10,2
M24,Non-Bleached,T5,II,21926.291,232.347,10,2
M15,Non-Bleached,T5,II,15808.04405,232.55358,10,2
M12,Non-Bleached,T5,II,29874.76668,232.6468,10,2
M12,Non-Bleached,T5,II,29363.94254,232.74097,10,2
M12,Non-Bleached,T5,II,27718.463,234.428,10,2
M12,Non-Bleached,T5,II,29835.50763,234.73016,10,2
M12,Non-Bleached,T5,II,31340.59,234.81572,10,2
M62,Non-Bleached,T5,II,32902.356,238.933,10,2
M29,Non-Bleached,T5,II,31793.708,239.731,10,2
M12,Non-Bleached,T5,II,31052.08164,240.24973,10,2
M12,Non-Bleached,T5,II,29945.52427,241.22157,10,2
M12,Non-Bleached,T5,II,15868.87275,241.56197,10,2
M29,Non-Bleached,T5,II,29272.002,241.63,10,2
M12,Non-Bleached,T5,II,32936.51599,241.68383,10,2
M15,Non-Bleached,T5,II,29486.064,241.863,10,2
M15,Non-Bleached,T5,II,27077.3312,242.67156,10,2
M62,Non-Bleached,T5,II,28175.389,242.96,10,2
M29,Non-Bleached,T5,II,29466.439,243.049,10,2
M8,Non-Bleached,T5,II,36598.56354,243.08318,10,2
M12,Non-Bleached,T5,II,31320.481,244.259,10,2
M12,Non-Bleached,T5,II,29826.83412,244.47079,10,2
M29,Non-Bleached,T5,II,32001.172,247.427,10,2
M12,Non-Bleached,T5,II,21668.71247,250.07749,11,2
M62,Non-Bleached,T5,II,33421.758,250.534,11,2
M12,Non-Bleached,T5,II,34194.258,250.7,11,2
M29,Non-Bleached,T5,II,32639.389,251.607,11,2
M12,Non-Bleached,T5,II,35486.485,252.237,11,2
M24,Non-Bleached,T5,II,40358.75872,252.68974,11,2
M24,Non-Bleached,T5,II,34725.08521,253.04719,11,2
M62,Non-Bleached,T5,II,22178.158,253.176,11,2
M24,Non-Bleached,T5,II,32017.58034,253.25366,11,2
M12,Non-Bleached,T5,II,25399.69161,253.65261,11,2
M15,Non-Bleached,T5,II,27631.613,254.255,11,2
M24,Non-Bleached,T5,II,32410.089,256.239,11,2
M15,Non-Bleached,T5,II,29462.217,257.272,11,2
M12,Non-Bleached,T5,II,25778.873,257.391,11,2
M29,Non-Bleached,T5,II,42868.433,258.392,11,2
M12,Non-Bleached,T5,II,31502.1912,258.46615,11,2
M24,Non-Bleached,T5,II,23870.87121,259.37326,11,2
M12,Non-Bleached,T5,II,46186.474,259.663,11,2
M48,Non-Bleached,T5,II,21252.222,259.691,11,2
M29,Non-Bleached,T5,II,40752,260.341,11,2
M12,Non-Bleached,T5,II,39723.272,261.137,11,2
M12,Non-Bleached,T5,II,30174.23105,262.03308,11,2
M8,Non-Bleached,T5,II,39002.49554,264.53851,11,2
M12,Non-Bleached,T5,II,32349.45626,265.01006,11,2
M15,Non-Bleached,T5,II,37759.90099,267.35872,11,2
M12,Non-Bleached,T5,II,34114.28745,269.21425,11,2
M24,Non-Bleached,T5,II,46234.089,271.235,11,2
M48,Non-Bleached,T5,II,24907.979,271.247,11,2
M12,Non-Bleached,T5,II,33175.26578,271.95996,11,2
M12,Non-Bleached,T5,II,34867.51339,271.965,11,2
M12,Non-Bleached,T5,II,36283.57815,272.60377,11,2
M24,Non-Bleached,T5,II,36603.516,272.632,11,2
M12,Non-Bleached,T5,II,33646.37437,273.14329,11,2
M12,Non-Bleached,T5,II,41663.188,273.889,11,2
M48,Non-Bleached,T5,II,51326.828,274.252,11,2
M12,Non-Bleached,T5,II,36289.51266,274.40304,11,2
M12,Non-Bleached,T5,II,33084.09,274.808,11,2
M12,Non-Bleached,T5,II,47164.26919,274.97888,11,2
M12,Non-Bleached,T5,II,45995.945,275.217,12,2
M29,Non-Bleached,T5,II,36128.202,276.197,12,2
M15,Non-Bleached,T5,II,30771.33379,276.47556,12,2
M29,Non-Bleached,T5,II,35035.567,276.928,12,2
M12,Non-Bleached,T5,II,32011.18934,277.48751,12,2
M29,Non-Bleached,T5,II,47242.548,277.741,12,2
M12,Non-Bleached,T5,II,24823.13139,277.77362,12,2
M12,Non-Bleached,T5,II,30115.72,277.934,12,2
M12,Non-Bleached,T5,II,26218.19713,278.18745,12,2
M29,Non-Bleached,T5,II,48005.016,278.467,12,2
M12,Non-Bleached,T5,II,31296.30945,278.68996,12,2
M24,Non-Bleached,T5,II,40943.07945,279.36238,12,2
M12,Non-Bleached,T5,II,38070.573,279.579,12,2
M29,Non-Bleached,T5,II,42815.236,279.955,12,2
M48,Non-Bleached,T5,II,49893.798,280.159,12,2
M12,Non-Bleached,T5,II,28512.56898,280.69018,12,2
M24,Non-Bleached,T5,II,41491.767,282.133,12,2
M12,Non-Bleached,T5,II,39936.4957,282.7481,12,2
M29,Non-Bleached,T5,II,36100.892,284.262,12,2
M15,Non-Bleached,T5,II,42901.911,284.826,12,2
M12,Non-Bleached,T5,II,41789.35,285.648,12,2
M62,Non-Bleached,T5,II,23931.996,286.469,12,2
M24,Non-Bleached,T5,II,42994.593,288.33403,12,2
M24,Non-Bleached,T5,II,39455.8006,288.95715,12,2
M24,Non-Bleached,T5,II,44531.63042,290.37787,12,2
M12,Non-Bleached,T5,II,24335.93116,290.84284,12,2
M12,Non-Bleached,T5,II,49196.15322,292.49561,12,2
M29,Non-Bleached,T5,II,34141.299,293.492,12,2
M29,Non-Bleached,T5,II,40220.025,293.655,12,2
M12,Non-Bleached,T5,II,51097.02159,293.87282,12,2
M24,Non-Bleached,T5,II,38612.18755,294.88002,12,2
M15,Non-Bleached,T5,II,40002.23178,295.22814,12,2
M24,Non-Bleached,T5,II,29015.63261,295.89537,12,2
M12,Non-Bleached,T5,II,27989.41933,296.39019,12,2
M24,Non-Bleached,T5,II,44835.73,296.775,12,2
M24,Non-Bleached,T5,II,34038.50836,297.21229,12,2
M12,Non-Bleached,T5,II,41737.39044,300.75532,13,2
M62,Non-Bleached,T5,II,33710.5,301.511,13,2
M29,Non-Bleached,T5,II,46395.975,301.774,13,2
M12,Non-Bleached,T5,II,28047.8514,302.08958,13,2
M29,Non-Bleached,T5,II,46032.857,302.752,13,2
M29,Non-Bleached,T5,II,47403.25,306.198,13,2
M15,Non-Bleached,T5,II,43872.4436,306.43237,13,2
M12,Non-Bleached,T5,II,40377.01875,306.51802,13,2
M12,Non-Bleached,T5,II,58180.5409,306.6617,13,2
M12,Non-Bleached,T5,II,58806.945,307.076,13,2
M24,Non-Bleached,T5,II,44331.363,308.119,13,2
M29,Non-Bleached,T5,II,57169.376,309.773,13,2
M15,Non-Bleached,T5,II,26736.764,309.906,13,2
M62,Non-Bleached,T5,II,36427.945,314.015,13,2
M29,Non-Bleached,T5,II,51413.466,318.827,13,2
M12,Non-Bleached,T5,II,59057.93499,318.8752,13,2
M62,Non-Bleached,T5,II,30174.879,320.698,13,2
M29,Non-Bleached,T5,II,66157.452,320.742,13,2
M24,Non-Bleached,T5,II,36495.85092,330.91663,14,2
M48,Non-Bleached,T5,II,60180.994,332.887,14,2
M15,Non-Bleached,T5,II,45036.97655,333.75109,14,2
M12,Non-Bleached,T5,II,46566.25345,334.39675,14,2
M15,Non-Bleached,T5,II,57836.79597,335.15014,14,2
M24,Non-Bleached,T5,II,62064.44774,339.48619,14,2
M24,Non-Bleached,T5,II,50740.95114,344.46467,14,2
M24,Non-Bleached,T5,II,51790.90245,344.96194,14,2
M24,Non-Bleached,T5,II,50336.49164,346.66089,14,2
M12,Non-Bleached,T5,II,48046.68479,349.96036,14,2
M24,Non-Bleached,T5,II,50602.17497,350.25765,15,2
M12,Non-Bleached,T5,II,34055.85538,353.15405,15,2
M29,Non-Bleached,T5,II,67701.554,353.662,15,2
M29,Non-Bleached,T5,II,69393.783,356.196,15,2
M12,Non-Bleached,T5,II,34692.67367,358.69033,15,2
M12,Non-Bleached,T5,II,51238.99326,365.07083,15,2
M24,Non-Bleached,T5,II,63823.34442,369.57713,15,2
M24,Non-Bleached,T5,II,48320.12863,370.48696,15,2
M24,Non-Bleached,T5,II,53824.15598,370.6816,15,2
M12,Non-Bleached,T5,II,49105.76611,370.721,15,2
M24,Non-Bleached,T5,II,35901.03068,381.56424,16,2
M24,Non-Bleached,T5,II,56867.18877,384.25382,16,2
M12,Non-Bleached,T5,II,50352.92566,390.06444,16,2
M48,Non-Bleached,T5,III,2856.698,63.28,3,3
M14,Non-Bleached,T5,III,3024.386,75.237,4,3
M15,Non-Bleached,T5,III,5705.634,106.887,5,3
M15,Non-Bleached,T5,III,24678.42071,204.72393,9,3
M15,Non-Bleached,T5,III,29297.84,239.537,10,3
M29,Non-Bleached,T5,III,34801.682,253.317,11,3
M15,Non-Bleached,T5,III,33997.867,266.421,11,3
M29,Non-Bleached,T5,III,32281.223,269.594,11,3
M62,Non-Bleached,T5,III,41823.287,289.564,12,3
M62,Non-Bleached,T5,III,40264.51,296.587,12,3
M15,Non-Bleached,T5,III,38706.65,301.52,13,3
M29,Non-Bleached,T5,III,42594.009,302.879,13,3
M24,Non-Bleached,T5,III,35007.07,303.076,13,3
M12,Non-Bleached,T5,III,51575.389,305.761,13,3
M62,Non-Bleached,T5,III,39359.694,306.503,13,3
M24,Non-Bleached,T5,III,44862.763,307.881,13,3
M24,Non-Bleached,T5,III,43170.479,308.867,13,3
M29,Non-Bleached,T5,III,57123.516,310.391,13,3
M12,Non-Bleached,T5,III,38755.54,311.663,13,3
M62,Non-Bleached,T5,III,32746.701,311.739,13,3
M15,Non-Bleached,T5,III,30782.985,312.034,13,3
M29,Non-Bleached,T5,III,43969.987,312.467,13,3
M24,Non-Bleached,T5,III,38113.28,316.096,13,3
M29,Non-Bleached,T5,III,45141.248,318.629,13,3
M29,Non-Bleached,T5,III,50087.694,320.051,13,3
M29,Non-Bleached,T5,III,68269.758,321.917,13,3
M29,Non-Bleached,T5,III,58580.484,323.853,13,3
M62,Non-Bleached,T5,III,39687.134,328.975,14,3
M12,Non-Bleached,T5,III,43308.229,329.362,14,3
M29,Non-Bleached,T5,III,55736.255,330.421,14,3
M62,Non-Bleached,T5,III,53622.115,333.044,14,3
M29,Non-Bleached,T5,III,58381.452,333.337,14,3
M29,Non-Bleached,T5,III,49747.414,334.868,14,3
M29,Non-Bleached,T5,III,44551.032,334.956,14,3
M62,Non-Bleached,T5,III,38680.051,335.432,14,3
M12,Non-Bleached,T5,III,37431.745,336.574,14,3
M24,Non-Bleached,T5,III,43141.059,337.408,14,3
M62,Non-Bleached,T5,III,32390.369,338.179,14,3
M29,Non-Bleached,T5,III,64082.752,339.434,14,3
M29,Non-Bleached,T5,III,47221.452,339.823,14,3
M62,Non-Bleached,T5,III,38632.755,344.051,14,3
M29,Non-Bleached,T5,III,45786.955,344.103,14,3
M29,Non-Bleached,T5,III,43302.726,344.461,14,3
M24,Non-Bleached,T5,III,53695.032,346.488,14,3
M29,Non-Bleached,T5,III,65704.815,347.957,14,3
M24,Non-Bleached,T5,III,48120.853,347.963,14,3
M24,Non-Bleached,T5,III,51719.389,349.406,14,3
M29,Non-Bleached,T5,III,64979.771,350.97,15,3
M24,Non-Bleached,T5,III,55109.35,354.419,15,3
M29,Non-Bleached,T5,III,57348.688,359.19,15,3
M14,Non-Bleached,T5,III,38560.14649,359.56931,15,3
M29,Non-Bleached,T5,III,55743.134,362.036,15,3
M24,Non-Bleached,T5,III,54080.48105,365.38143,15,3
M29,Non-Bleached,T5,III,71989.911,366.325,15,3
M14,Non-Bleached,T5,III,32494.16694,366.45806,15,3
M29,Non-Bleached,T5,III,67231.032,367.005,15,3
M29,Non-Bleached,T5,III,57208.46,367.481,15,3
M29,Non-Bleached,T5,III,45603.057,367.562,15,3
M24,Non-Bleached,T5,III,50554.24241,367.71159,15,3
M29,Non-Bleached,T5,III,60783.134,368.449,15,3
M29,Non-Bleached,T5,III,60440.102,369.58,15,3
M29,Non-Bleached,T5,III,35065.834,369.863,15,3
M12,Non-Bleached,T5,III,38405.207,371.782,15,3
M29,Non-Bleached,T5,III,81629.197,372.49,15,3
M29,Non-Bleached,T5,III,62990.369,373.374,15,3
M24,Non-Bleached,T5,III,43403.618,374.579,15,3
M15,Non-Bleached,T5,III,41803.108,378.44,16,3
M15,Non-Bleached,T5,III,31275.31042,380.60652,16,3
M24,Non-Bleached,T5,III,54205.82,383.072,16,3
M24,Non-Bleached,T5,III,68061.554,385.607,16,3
M29,Non-Bleached,T5,III,65953.376,386.244,16,3
M29,Non-Bleached,T5,III,50365.146,387.114,16,3
M29,Non-Bleached,T5,III,74825.661,387.482,16,3
M29,Non-Bleached,T5,III,48485.299,387.803,16,3
M24,Non-Bleached,T5,III,66135.898,389.024,16,3
M62,Non-Bleached,T5,III,57652.267,389.18,16,3
M29,Non-Bleached,T5,III,65921.732,389.354,16,3
M29,Non-Bleached,T5,III,63245.809,391.964,16,3
M24,Non-Bleached,T5,III,50438.51952,393.06952,16,3
M29,Non-Bleached,T5,III,77056.051,393.234,16,3
M29,Non-Bleached,T5,III,83069.656,393.683,16,3
M29,Non-Bleached,T5,III,73966.93,394.389,16,3
M29,Non-Bleached,T5,III,60353.427,396.407,16,3
M15,Non-Bleached,T5,III,48408.871,397.242,16,3
M29,Non-Bleached,T5,III,70881.936,397.454,16,3
M29,Non-Bleached,T5,III,71595.975,401.279,17,3
M24,Non-Bleached,T5,III,68464.1292,401.71991,17,3
M15,Non-Bleached,T5,III,40172.724,402.701,17,3
M12,Non-Bleached,T5,III,48492.68585,403.06539,17,3
M24,Non-Bleached,T5,III,75917.41398,404.45605,17,3
M29,Non-Bleached,T5,III,68296.815,404.918,17,3
M29,Non-Bleached,T5,III,65407.643,405.018,17,3
M29,Non-Bleached,T5,III,58336.968,407.287,17,3
M24,Non-Bleached,T5,III,52297.682,407.398,17,3
M15,Non-Bleached,T5,III,39389.962,407.845,17,3
M24,Non-Bleached,T5,III,68519.82227,408.36216,17,3
M24,Non-Bleached,T5,III,50502.65785,410.07898,17,3
M29,Non-Bleached,T5,III,85913.885,410.385,17,3
M29,Non-Bleached,T5,III,60665.274,412.05,17,3
M29,Non-Bleached,T5,III,84415.185,412.508,17,3
M29,Non-Bleached,T5,III,50527.949,415.499,17,3
M24,Non-Bleached,T5,III,56706.95707,416.92753,17,3
M29,Non-Bleached,T5,III,67271.389,417.107,17,3
M48,Non-Bleached,T5,III,47322.913,417.666,17,3
M29,Non-Bleached,T5,III,49829.045,418.608,17,3
M24,Non-Bleached,T5,III,57821.503,419.029,17,3
M29,Non-Bleached,T5,III,80032.815,427.194,18,3
M29,Non-Bleached,T5,III,112140.688,427.637,18,3
M29,Non-Bleached,T5,III,69173.656,428.178,18,3
M29,Non-Bleached,T5,III,87932.178,428.343,18,3
M15,Non-Bleached,T5,III,49975.796,431.211,18,3
M24,Non-Bleached,T5,III,91213.37851,431.60335,18,3
M24,Non-Bleached,T5,III,49258.6938,436.06749,18,3
M24,Non-Bleached,T5,III,63818.005,436.387,18,3
M24,Non-Bleached,T5,III,69510.4285,441.87603,18,3
M29,Non-Bleached,T5,III,82412.484,442.759,18,3
M29,Non-Bleached,T5,III,102149.656,444.52,18,3
M15,Non-Bleached,T5,III,43302.726,449.232,18,3
M24,Non-Bleached,T5,III,59776.92339,450.84019,19,3
M29,Non-Bleached,T5,III,99798.879,452.499,19,3
M29,Non-Bleached,T5,III,56165.962,454.233,19,3
M29,Non-Bleached,T5,III,60347.924,454.661,19,3
M29,Non-Bleached,T5,III,74190.726,456.264,19,3
M29,Non-Bleached,T5,III,94509.401,457.979,19,3
M29,Non-Bleached,T5,III,76371.822,458.645,19,3
M29,Non-Bleached,T5,III,82189.146,464.543,19,3
M24,Non-Bleached,T5,III,64827.057,467.536,19,3
M12,Non-Bleached,T5,III,59121.631,468.333,19,3
M24,Non-Bleached,T5,III,97337.79013,473.89682,19,3
M29,Non-Bleached,T5,III,94387.873,475.72,20,3
M29,Non-Bleached,T5,III,97314.191,475.84,20,3
M15,Non-Bleached,T5,III,46096.97087,497.28125,20,3
M29,Non-Bleached,T5,III,80756.025,498.661,20,3
M29,Non-Bleached,T5,III,73143.287,508.551,21,3
M24,Non-Bleached,T5,III,65321.427,520.555,21,3
M29,Non-Bleached,T5,III,69182.828,527.946,22,3
M24,Non-Bleached,T5,III,66693.3635,530.96883,22,3
M24,Non-Bleached,T5,III,48374.4522,546.53596,22,3
M24,Non-Bleached,T5,III,166140.6428,568.54265,23,3
M29,Non-Bleached,T5,IV,61724.178,452.339,19,4
M15,Non-Bleached,T5,IV,47265.936,456.443,19,4
M29,Non-Bleached,T5,IV,87424.968,551.1,23,4
M24,Non-Bleached,T5,IV,95147.04391,554.97667,23,4
M24,Non-Bleached,T5,IV,69445.146,569.083,23,4
M29,Non-Bleached,T5,IV,96952.815,579.754,24,4
M29,Non-Bleached,T5,IV,65493.401,581.599,24,4
M24,Non-Bleached,T5,IV,87853.619,636.262,26,4
